ProductType,Product
Accessories,Microsoft Office Home and Student 2016
Accessories,Computer Game
Accessories,Belkin Mouse Pad
Accessories,Large Mouse Pad
Computer Cords,HDMI Cable 6ft
Computer Cords,Ethernet Cable
Computer Cords,Etekcity Power Extension Cord Cable
Computer Cords,Audio Cable
Computer Cords,VGA Monitor Cable
Computer Cords,iPhone Charger Cable
Computer Cords,HDMI Adapter
Computer Cords,USB Cable
Computer Cords,Samsung Charging Cable
Computer Headphones,Zombie Gaming Headset
Computer Headphones,Logitech ClearChat Headset
Computer Headphones,Panasonic On-Ear Stereo Headphones RP-HT21
Computer Headphones,PC Gaming Headset
Computer Headphones,Kensington Headphones
Computer Headphones,Logitech Stereo Headset
Computer Headphones,Koss Home Headphones
Computer Headphones,Microsoft Headset
Computer Headphones,Ailihen Stereo Headphones
Computer Headphones,XIBERIA Gaming Headset
Computer Headphones,Active Headphones
Computer Headphones,Apple Earpods
Computer Headphones,Monster Beats By Dr Dre
Computer Headphones,Otium Wireless Sports Bluetooth Headphones
Computer Headphones,Panasonic In-Ear Headphone
Computer Headphones,APIE Bluetooth Headphones
Computer Headphones,Philips Flexible Earhook Headphones
Computer Mice,3-Button Mouse
Computer Mice,Logitech Wireless Mouse
Computer Mice,Microsoft Basic Optical Mouse
Computer Mice,Logitech 3-button Mouse
Computer Mice,Redragon Gaming Mouse
Computer Mice,HP Wireless Mouse
Computer Mice,Generic Black 3-Button
Computer Mice,Wireless Portable Mouse
Computer Mice,Gaming Mouse Professional
Computer Mice,Slim Wireless Mouse
Computer Stands,Halter Acrylic Monitor Stand
Computer Stands,Height-Adjustable Standing Desk
Computer Stands,Multi Media Stand
Computer Stands,Halter Mesh Metal Monitor Stand
Computer Stands,Full Motion Monitor Mount
Tablet,iPad
Tablet,iPad Pro
Tablet,Fire HD Tablet
Tablet,Samsung Galaxy Tab
Tablet,Kindle
PC,Lenovo Desktop Computer
PC,iMac
PC,HP Desktop
PC,ASUS Desktop
PC,Dell Desktop
PC,Intel Desktop
PC,Acer Desktop
PC,CYBERPOWER Gamer Desktop
PC,Dell 2 Desktop
External Hardrives,1TB Portable External Hard Drive
External Hardrives,2TB Portable External Hard Drive
External Hardrives,5TB Desktop Hard Drive
External Hardrives,Slim 2TB Portable External Hard Drive
External Hardrives,3TB Portable External Hard Drive
Keyboard,HP USB Keyboard
Keyboard,Logitech Wireless Keyboard
Keyboard,Rii LED Keyboard
Keyboard,Logitech Keyboard
Keyboard,Backlit LED Gaming Keyboard
Keyboard,Dell Wired Keyboard
Keyboard,Apple Wired Keyboard
Keyboard,Apple Wireless Keyboard
Keyboard,Apple Magic Keyboard
Laptop,LG Touchscreen Laptop
Laptop,Acer Aspire
Laptop,HP Laptop
Laptop,ASUS Chromebook
Laptop,Apple Macbook Pro
Laptop,Apple MacBook Air
Laptop,Dell Laptop
Laptop,Eluktronics Pro Gaming Laptop
Laptop,"Alienware AW17R4-7345SLV-PUS 17"" Laptop"
Laptop,HP Notebook Touchscreen Laptop PC
Display,Acer Monitor
Display,LG Monitor
Display,ASUS Monitor
Display,ASUS 2 Monitor
Display,Dell Monitor
Display,Samsung Monitor
Display,Sceptre Monitor
Display,ViewSonic Monitor
Display,AOC Monitor
Display,HP Monitor
Mouse and Keyboard Combo,Logitech MK550 Wireless Wave Keyboard and Mouse Combo
Mouse and Keyboard Combo,Logitech Desktop MK120 Mouse and keyboard Combo
Mouse and Keyboard Combo,Logitech MK270 Wireless Keyboard and Mouse Combo
Mouse and Keyboard Combo,Dell KM117 Wireless Keyboard & Mouse
Mouse and Keyboard Combo,EagleTec Wireless Combo Keyboard and Mouse
Mouse and Keyboard Combo,Microsoft Wireless Comfort Keyboard and Mouse
Mouse and Keyboard Combo,Microsoft Wireless Desktop Keyboard and Mouse
Mouse and Keyboard Combo,Rii LED Gaming Keyboard & Mouse Combo
Mouse and Keyboard Combo,Logitech MK360 Wireless Keyboard and Mouse Combo
PrinterSupplies,Epson Black Ink
PrinterSupplies,HP Black & Tri-color Ink
PrinterSupplies,Canon Ink
PrinterSupplies,Brother Printer Toner
PrinterSupplies,DYMO Labeling Tape
Printer,Epson Printer
Printer,HP Wireless Printer
Printer,Canon Office Printer
Printer,Brother Printer
Printer,DYMO Label Manker
Smart Home Devices,Apple TV
Smart Home Devices,Google Home
Smart Home Devices,Smart Light Bulb
Smart Home Devices,Fire TV Stick
Smart Home Devices,Roku Express
Speakers,Cambridge Bluetooth Speaker
Speakers,JBL Splashproof Portable Bluetooth Speaker
Speakers,DOSS Touch Wireless Bluetooth
Speakers,Logitech Multimedia Speakers
Speakers,Rokono Mini Speaker
Speakers,Cyber Acoustics
Speakers,Bose Companion Speakers
Speakers,Mackie CR Speakers
Speakers,Sonos